protein,ligand,pocket,x0(ilbindScore),y(vinaScore),Max1,Max2,Max3,x,u1(number of chains),u2(number of templates),u3(weight of Drug),n_mer,u4(<3A pose count),u5(Vina satisfied count),u6(maxClusterElementCount),u7(u6satisfiedu5),u8(radius),u9(center),u10(minDistance),Neighbor,v1(type of Protein),v2(FS cardinal),v3(medical interest of ligand),v4(weight of ligand),v5(type of ligand),v6(type of drug),v7(pose min distance),v8(pose mean distance),v9(pose max distance),v10(pose distance sd)
1SIQ,17,FAD_399,0.5038,-9.9,,,,0.5038,1,49,514.40156,4,20,20,20,20,11.9373147,"-7.32605,53.0662226190476,-35.658894047619",3.945763276,ATOM   2832  CA  TYR A 369    ,,,,,,protease inhibitor,4.275629044,5.580366611,7.092476845,0.719161868
1ZMD,17,NAI_481,0.5208,-10.2,,,,0.5208,2,49,514.40156,2,8,20,10,10,9.23576669,"108.557411904761,122.772621428571,-115.235497619047",5.876680237,ATOM   5934  CA  LEU B 327    ,,,,,,protease inhibitor,4.761218071,23.54661179,46.71345901,17.93928909
3DK9,17,FAD_479,0.4918,-9.8,,,,0.4918,1,49,514.40156,2,4,16,10,8,9.485602683,"30.8862619047618,23.5742214285714,16.8917452380952",5.901051979,ATOM   2655  CA  ALA A 336    ,,,,,,protease inhibitor,4.790108204,17.9949913,32.09109497,8.98165226
3HYG,17,099_801,0.4925,-9.5,,,,0.4925,1,49,514.40156,1,20,20,20,20,10.36216104,"15.8312035714285,3.44918333333333,-6.73415",4.54629691,ATOM   1364  CA  SER A 441    ,,,,,,protease inhibitor,0.737417281,2.439677715,4.355321884,1.081548214
3JWQ,17,VIA_901,0.4813,-9.1,,,,0.4813,1,49,514.40156,1,19,20,19,19,9.520926332,"-10.7306716791979,-29.0538972431077,41.0491453634085",6.997795783,ATOM   1519  CA  LEU A 725    ,,,,,,protease inhibitor,1.871041298,5.05752039,19.96310616,3.533628941
4DRI,17,RAP_201,0.4491,-10.7,,,,0.4491,2,49,514.40156,2,20,20,18,18,9.939091387,"34.283906084656,46.7592579365079,35.5274748677248",6.370489693,ATOM    504  CA  GLN A  85    ,,,,,,protease inhibitor,1.756071687,3.64621973,6.049847603,1.257136583
